run_uuid,key,step,value,timestamp
a27a9395759041689d2a58d7b8ce9c90,train/bsz,1726,2.0,1771027182409
a27a9395759041689d2a58d7b8ce9c90,train/bsz,1727,2.0,1771027188415
a27a9395759041689d2a58d7b8ce9c90,train/bsz,1728,2.0,1771027194390
a27a9395759041689d2a58d7b8ce9c90,train/bsz,1729,2.0,1771027200226
a27a9395759041689d2a58d7b8ce9c90,train/bsz,1730,2.0,1771027206214
a27a9395759041689d2a58d7b8ce9c90,train/bsz,1731,2.0,1771027212276
a27a9395759041689d2a58d7b8ce9c90,train/bsz,1732,2.0,1771027218491
a27a9395759041689d2a58d7b8ce9c90,train/bsz,1733,2.0,1771027224841
a27a9395759041689d2a58d7b8ce9c90,train/bsz,1734,2.0,1771027232958
a27a9395759041689d2a58d7b8ce9c90,train/bsz,1735,2.0,1771027239829
a27a9395759041689d2a58d7b8ce9c90,train/bsz,1736,2.0,1771027245867
a27a9395759041689d2a58d7b8ce9c90,train/bsz,1737,2.0,1771027251824
a27a9395759041689d2a58d7b8ce9c90,train/bsz,1738,2.0,1771027257832
a27a9395759041689d2a58d7b8ce9c90,train/bsz,1739,2.0,1771027264285
a27a9395759041689d2a58d7b8ce9c90,train/bsz,1740,2.0,1771027270208
a27a9395759041689d2a58d7b8ce9c90,train/bsz,1741,2.0,1771027276492
a27a9395759041689d2a58d7b8ce9c90,train/bsz,1742,2.0,1771027282680
a27a9395759041689d2a58d7b8ce9c90,train/bsz,1743,2.0,1771027288773
a27a9395759041689d2a58d7b8ce9c90,train/bsz,1744,2.0,1771027294805
a27a9395759041689d2a58d7b8ce9c90,train/bsz,1745,2.0,1771027300988
a27a9395759041689d2a58d7b8ce9c90,train/bsz,1746,2.0,1771027307215
a27a9395759041689d2a58d7b8ce9c90,train/bsz,1747,2.0,1771027313374
a27a9395759041689d2a58d7b8ce9c90,train/bsz,1748,2.0,1771027319330
a27a9395759041689d2a58d7b8ce9c90,train/bsz,1749,2.0,1771027325444
a27a9395759041689d2a58d7b8ce9c90,train/bsz,1750,2.0,1771027331543
a27a9395759041689d2a58d7b8ce9c90,train/bsz,1751,2.0,1771027337556
a27a9395759041689d2a58d7b8ce9c90,train/bsz,1752,2.0,1771027343586
a27a9395759041689d2a58d7b8ce9c90,train/bsz,1753,2.0,1771027349293
a27a9395759041689d2a58d7b8ce9c90,train/bsz,1754,2.0,1771027355387
a27a9395759041689d2a58d7b8ce9c90,train/gb_free,1726,7.1,1771027182409
a27a9395759041689d2a58d7b8ce9c90,train/gb_free,1727,7.1,1771027188415
a27a9395759041689d2a58d7b8ce9c90,train/gb_free,1728,7.1,1771027194390
a27a9395759041689d2a58d7b8ce9c90,train/gb_free,1729,7.1,1771027200226
a27a9395759041689d2a58d7b8ce9c90,train/gb_free,1730,7.1,1771027206214
a27a9395759041689d2a58d7b8ce9c90,train/gb_free,1731,7.1,1771027212276
a27a9395759041689d2a58d7b8ce9c90,train/gb_free,1732,7.1,1771027218491
a27a9395759041689d2a58d7b8ce9c90,train/gb_free,1733,7.1,1771027224841
a27a9395759041689d2a58d7b8ce9c90,train/gb_free,1734,7.1,1771027232958
a27a9395759041689d2a58d7b8ce9c90,train/gb_free,1735,7.1,1771027239829
a27a9395759041689d2a58d7b8ce9c90,train/gb_free,1736,7.1,1771027245867
a27a9395759041689d2a58d7b8ce9c90,train/gb_free,1737,7.1,1771027251824
a27a9395759041689d2a58d7b8ce9c90,train/gb_free,1738,7.1,1771027257832
a27a9395759041689d2a58d7b8ce9c90,train/gb_free,1739,7.1,1771027264285
a27a9395759041689d2a58d7b8ce9c90,train/gb_free,1740,7.1,1771027270208
a27a9395759041689d2a58d7b8ce9c90,train/gb_free,1741,7.1,1771027276492
a27a9395759041689d2a58d7b8ce9c90,train/gb_free,1742,7.1,1771027282680
a27a9395759041689d2a58d7b8ce9c90,train/gb_free,1743,7.1,1771027288773
a27a9395759041689d2a58d7b8ce9c90,train/gb_free,1744,7.1,1771027294805
a27a9395759041689d2a58d7b8ce9c90,train/gb_free,1745,7.1,1771027300988
a27a9395759041689d2a58d7b8ce9c90,train/gb_free,1746,7.1,1771027307215
a27a9395759041689d2a58d7b8ce9c90,train/gb_free,1747,7.1,1771027313374
a27a9395759041689d2a58d7b8ce9c90,train/gb_free,1748,7.1,1771027319330
a27a9395759041689d2a58d7b8ce9c90,train/gb_free,1749,7.1,1771027325444
a27a9395759041689d2a58d7b8ce9c90,train/gb_free,1750,7.1,1771027331543
a27a9395759041689d2a58d7b8ce9c90,train/gb_free,1751,7.1,1771027337556
a27a9395759041689d2a58d7b8ce9c90,train/gb_free,1752,7.1,1771027343586
a27a9395759041689d2a58d7b8ce9c90,train/gb_free,1753,7.1,1771027349293
a27a9395759041689d2a58d7b8ce9c90,train/gb_free,1754,7.1,1771027355387
a27a9395759041689d2a58d7b8ce9c90,train/gnorm,1726,0.054,1771027182409
a27a9395759041689d2a58d7b8ce9c90,train/gnorm,1727,0.059,1771027188415
a27a9395759041689d2a58d7b8ce9c90,train/gnorm,1728,0.063,1771027194390
a27a9395759041689d2a58d7b8ce9c90,train/gnorm,1729,0.063,1771027200226
a27a9395759041689d2a58d7b8ce9c90,train/gnorm,1730,0.125,1771027206214
a27a9395759041689d2a58d7b8ce9c90,train/gnorm,1731,0.057,1771027212276
a27a9395759041689d2a58d7b8ce9c90,train/gnorm,1732,0.126,1771027218491
a27a9395759041689d2a58d7b8ce9c90,train/gnorm,1733,0.128,1771027224841
a27a9395759041689d2a58d7b8ce9c90,train/gnorm,1734,0.072,1771027232958
a27a9395759041689d2a58d7b8ce9c90,train/gnorm,1735,0.056,1771027239829
a27a9395759041689d2a58d7b8ce9c90,train/gnorm,1736,0.077,1771027245867
a27a9395759041689d2a58d7b8ce9c90,train/gnorm,1737,0.159,1771027251824
a27a9395759041689d2a58d7b8ce9c90,train/gnorm,1738,0.045,1771027257832
a27a9395759041689d2a58d7b8ce9c90,train/gnorm,1739,0.054,1771027264285
a27a9395759041689d2a58d7b8ce9c90,train/gnorm,1740,0.071,1771027270208
a27a9395759041689d2a58d7b8ce9c90,train/gnorm,1741,0.057,1771027276492
a27a9395759041689d2a58d7b8ce9c90,train/gnorm,1742,0.04,1771027282680
a27a9395759041689d2a58d7b8ce9c90,train/gnorm,1743,0.045,1771027288773
a27a9395759041689d2a58d7b8ce9c90,train/gnorm,1744,0.055,1771027294805
a27a9395759041689d2a58d7b8ce9c90,train/gnorm,1745,0.069,1771027300988
a27a9395759041689d2a58d7b8ce9c90,train/gnorm,1746,0.055,1771027307215
a27a9395759041689d2a58d7b8ce9c90,train/gnorm,1747,0.072,1771027313374
a27a9395759041689d2a58d7b8ce9c90,train/gnorm,1748,0.057,1771027319330
a27a9395759041689d2a58d7b8ce9c90,train/gnorm,1749,0.057,1771027325444
a27a9395759041689d2a58d7b8ce9c90,train/gnorm,1750,0.058,1771027331543
a27a9395759041689d2a58d7b8ce9c90,train/gnorm,1751,0.054,1771027337556
a27a9395759041689d2a58d7b8ce9c90,train/gnorm,1752,0.045,1771027343586
a27a9395759041689d2a58d7b8ce9c90,train/gnorm,1753,0.036,1771027349293
a27a9395759041689d2a58d7b8ce9c90,train/gnorm,1754,0.051,1771027355387
a27a9395759041689d2a58d7b8ce9c90,train/loss,1726,1.573,1771027182409
a27a9395759041689d2a58d7b8ce9c90,train/loss,1727,1.573,1771027188415
a27a9395759041689d2a58d7b8ce9c90,train/loss,1728,1.573,1771027194390
a27a9395759041689d2a58d7b8ce9c90,train/loss,1729,1.572,1771027200226
a27a9395759041689d2a58d7b8ce9c90,train/loss,1730,1.573,1771027206214
a27a9395759041689d2a58d7b8ce9c90,train/loss,1731,1.572,1771027212276
a27a9395759041689d2a58d7b8ce9c90,train/loss,1732,1.573,1771027218491
a27a9395759041689d2a58d7b8ce9c90,train/loss,1733,1.574,1771027224841
a27a9395759041689d2a58d7b8ce9c90,train/loss,1734,1.573,1771027232958
a27a9395759041689d2a58d7b8ce9c90,train/loss,1735,1.572,1771027239829
a27a9395759041689d2a58d7b8ce9c90,train/loss,1736,1.572,1771027245867
a27a9395759041689d2a58d7b8ce9c90,train/loss,1737,1.573,1771027251824
a27a9395759041689d2a58d7b8ce9c90,train/loss,1738,1.572,1771027257832
a27a9395759041689d2a58d7b8ce9c90,train/loss,1739,1.572,1771027264285
a27a9395759041689d2a58d7b8ce9c90,train/loss,1740,1.572,1771027270208
a27a9395759041689d2a58d7b8ce9c90,train/loss,1741,1.572,1771027276492
a27a9395759041689d2a58d7b8ce9c90,train/loss,1742,1.572,1771027282680
a27a9395759041689d2a58d7b8ce9c90,train/loss,1743,1.572,1771027288773
a27a9395759041689d2a58d7b8ce9c90,train/loss,1744,1.572,1771027294805
a27a9395759041689d2a58d7b8ce9c90,train/loss,1745,1.572,1771027300988
a27a9395759041689d2a58d7b8ce9c90,train/loss,1746,1.572,1771027307215
a27a9395759041689d2a58d7b8ce9c90,train/loss,1747,1.572,1771027313374
a27a9395759041689d2a58d7b8ce9c90,train/loss,1748,1.572,1771027319330
a27a9395759041689d2a58d7b8ce9c90,train/loss,1749,1.572,1771027325444
a27a9395759041689d2a58d7b8ce9c90,train/loss,1750,1.572,1771027331543
a27a9395759041689d2a58d7b8ce9c90,train/loss,1751,1.572,1771027337556
a27a9395759041689d2a58d7b8ce9c90,train/loss,1752,1.572,1771027343586
a27a9395759041689d2a58d7b8ce9c90,train/loss,1753,1.572,1771027349293
a27a9395759041689d2a58d7b8ce9c90,train/loss,1754,1.572,1771027355387
a27a9395759041689d2a58d7b8ce9c90,train/lr,1726,0.00021580685000000005,1771027182409
a27a9395759041689d2a58d7b8ce9c90,train/lr,1727,0.00021593182500000003,1771027188415
a27a9395759041689d2a58d7b8ce9c90,train/lr,1728,0.00021605680000000004,1771027194390
a27a9395759041689d2a58d7b8ce9c90,train/lr,1729,0.00021618177500000004,1771027200226
a27a9395759041689d2a58d7b8ce9c90,train/lr,1730,0.00021630675000000002,1771027206214
a27a9395759041689d2a58d7b8ce9c90,train/lr,1731,0.00021643172500000003,1771027212276
a27a9395759041689d2a58d7b8ce9c90,train/lr,1732,0.00021655670000000004,1771027218491
a27a9395759041689d2a58d7b8ce9c90,train/lr,1733,0.00021668167500000005,1771027224841
a27a9395759041689d2a58d7b8ce9c90,train/lr,1734,0.00021680665000000003,1771027232958
a27a9395759041689d2a58d7b8ce9c90,train/lr,1735,0.00021693162500000004,1771027239829
a27a9395759041689d2a58d7b8ce9c90,train/lr,1736,0.00021705660000000005,1771027245867
a27a9395759041689d2a58d7b8ce9c90,train/lr,1737,0.00021718157500000003,1771027251824
a27a9395759041689d2a58d7b8ce9c90,train/lr,1738,0.00021730655000000003,1771027257832
a27a9395759041689d2a58d7b8ce9c90,train/lr,1739,0.00021743152500000004,1771027264285
a27a9395759041689d2a58d7b8ce9c90,train/lr,1740,0.00021755650000000002,1771027270208
a27a9395759041689d2a58d7b8ce9c90,train/lr,1741,0.00021768147500000003,1771027276492
a27a9395759041689d2a58d7b8ce9c90,train/lr,1742,0.00021780645000000004,1771027282680
a27a9395759041689d2a58d7b8ce9c90,train/lr,1743,0.00021793142500000005,1771027288773
a27a9395759041689d2a58d7b8ce9c90,train/lr,1744,0.00021805640000000003,1771027294805
a27a9395759041689d2a58d7b8ce9c90,train/lr,1745,0.00021818137500000004,1771027300988
a27a9395759041689d2a58d7b8ce9c90,train/lr,1746,0.00021830635000000004,1771027307215
a27a9395759041689d2a58d7b8ce9c90,train/lr,1747,0.00021843132500000003,1771027313374
a27a9395759041689d2a58d7b8ce9c90,train/lr,1748,0.00021855630000000003,1771027319330
a27a9395759041689d2a58d7b8ce9c90,train/lr,1749,0.00021868127500000004,1771027325444
a27a9395759041689d2a58d7b8ce9c90,train/lr,1750,0.00021880625000000002,1771027331543
a27a9395759041689d2a58d7b8ce9c90,train/lr,1751,0.00021893122500000003,1771027337556
a27a9395759041689d2a58d7b8ce9c90,train/lr,1752,0.00021905620000000004,1771027343586
a27a9395759041689d2a58d7b8ce9c90,train/lr,1753,0.00021918117500000005,1771027349293
a27a9395759041689d2a58d7b8ce9c90,train/lr,1754,0.00021930615000000003,1771027355387
a27a9395759041689d2a58d7b8ce9c90,train/nll_loss,1726,0.152,1771027182409
a27a9395759041689d2a58d7b8ce9c90,train/nll_loss,1727,0.147,1771027188415
a27a9395759041689d2a58d7b8ce9c90,train/nll_loss,1728,0.151,1771027194390
a27a9395759041689d2a58d7b8ce9c90,train/nll_loss,1729,0.156,1771027200226
a27a9395759041689d2a58d7b8ce9c90,train/nll_loss,1730,0.168,1771027206214
a27a9395759041689d2a58d7b8ce9c90,train/nll_loss,1731,0.154,1771027212276
a27a9395759041689d2a58d7b8ce9c90,train/nll_loss,1732,0.17,1771027218491
a27a9395759041689d2a58d7b8ce9c90,train/nll_loss,1733,0.134,1771027224841
a27a9395759041689d2a58d7b8ce9c90,train/nll_loss,1734,0.138,1771027232958
a27a9395759041689d2a58d7b8ce9c90,train/nll_loss,1735,0.143,1771027239829
a27a9395759041689d2a58d7b8ce9c90,train/nll_loss,1736,0.154,1771027245867
a27a9395759041689d2a58d7b8ce9c90,train/nll_loss,1737,0.174,1771027251824
a27a9395759041689d2a58d7b8ce9c90,train/nll_loss,1738,0.156,1771027257832
a27a9395759041689d2a58d7b8ce9c90,train/nll_loss,1739,0.148,1771027264285
a27a9395759041689d2a58d7b8ce9c90,train/nll_loss,1740,0.145,1771027270208
a27a9395759041689d2a58d7b8ce9c90,train/nll_loss,1741,0.152,1771027276492
a27a9395759041689d2a58d7b8ce9c90,train/nll_loss,1742,0.151,1771027282680
a27a9395759041689d2a58d7b8ce9c90,train/nll_loss,1743,0.154,1771027288773
a27a9395759041689d2a58d7b8ce9c90,train/nll_loss,1744,0.157,1771027294805
a27a9395759041689d2a58d7b8ce9c90,train/nll_loss,1745,0.161,1771027300988
a27a9395759041689d2a58d7b8ce9c90,train/nll_loss,1746,0.151,1771027307215
a27a9395759041689d2a58d7b8ce9c90,train/nll_loss,1747,0.144,1771027313374
a27a9395759041689d2a58d7b8ce9c90,train/nll_loss,1748,0.15,1771027319330
a27a9395759041689d2a58d7b8ce9c90,train/nll_loss,1749,0.151,1771027325444
a27a9395759041689d2a58d7b8ce9c90,train/nll_loss,1750,0.157,1771027331543
a27a9395759041689d2a58d7b8ce9c90,train/nll_loss,1751,0.159,1771027337556
a27a9395759041689d2a58d7b8ce9c90,train/nll_loss,1752,0.154,1771027343586
a27a9395759041689d2a58d7b8ce9c90,train/nll_loss,1753,0.153,1771027349293
a27a9395759041689d2a58d7b8ce9c90,train/nll_loss,1754,0.15,1771027355387
a27a9395759041689d2a58d7b8ce9c90,train/ppl,1726,1.11,1771027182409
a27a9395759041689d2a58d7b8ce9c90,train/ppl,1727,1.11,1771027188415
a27a9395759041689d2a58d7b8ce9c90,train/ppl,1728,1.11,1771027194390
a27a9395759041689d2a58d7b8ce9c90,train/ppl,1729,1.11,1771027200226
a27a9395759041689d2a58d7b8ce9c90,train/ppl,1730,1.12,1771027206214
a27a9395759041689d2a58d7b8ce9c90,train/ppl,1731,1.11,1771027212276
a27a9395759041689d2a58d7b8ce9c90,train/ppl,1732,1.12,1771027218491
a27a9395759041689d2a58d7b8ce9c90,train/ppl,1733,1.1,1771027224841
a27a9395759041689d2a58d7b8ce9c90,train/ppl,1734,1.1,1771027232958
a27a9395759041689d2a58d7b8ce9c90,train/ppl,1735,1.1,1771027239829
a27a9395759041689d2a58d7b8ce9c90,train/ppl,1736,1.11,1771027245867
a27a9395759041689d2a58d7b8ce9c90,train/ppl,1737,1.13,1771027251824
a27a9395759041689d2a58d7b8ce9c90,train/ppl,1738,1.11,1771027257832
a27a9395759041689d2a58d7b8ce9c90,train/ppl,1739,1.11,1771027264285
a27a9395759041689d2a58d7b8ce9c90,train/ppl,1740,1.11,1771027270208
a27a9395759041689d2a58d7b8ce9c90,train/ppl,1741,1.11,1771027276492
a27a9395759041689d2a58d7b8ce9c90,train/ppl,1742,1.11,1771027282680
a27a9395759041689d2a58d7b8ce9c90,train/ppl,1743,1.11,1771027288773
a27a9395759041689d2a58d7b8ce9c90,train/ppl,1744,1.12,1771027294805
a27a9395759041689d2a58d7b8ce9c90,train/ppl,1745,1.12,1771027300988
a27a9395759041689d2a58d7b8ce9c90,train/ppl,1746,1.11,1771027307215
a27a9395759041689d2a58d7b8ce9c90,train/ppl,1747,1.11,1771027313374
a27a9395759041689d2a58d7b8ce9c90,train/ppl,1748,1.11,1771027319330
a27a9395759041689d2a58d7b8ce9c90,train/ppl,1749,1.11,1771027325444
a27a9395759041689d2a58d7b8ce9c90,train/ppl,1750,1.11,1771027331543
a27a9395759041689d2a58d7b8ce9c90,train/ppl,1751,1.12,1771027337556
a27a9395759041689d2a58d7b8ce9c90,train/ppl,1752,1.11,1771027343586
a27a9395759041689d2a58d7b8ce9c90,train/ppl,1753,1.11,1771027349293
a27a9395759041689d2a58d7b8ce9c90,train/ppl,1754,1.11,1771027355387
a27a9395759041689d2a58d7b8ce9c90,train/train_wall,1726,1.0,1771027182409
a27a9395759041689d2a58d7b8ce9c90,train/train_wall,1727,0.0,1771027188415
a27a9395759041689d2a58d7b8ce9c90,train/train_wall,1728,0.0,1771027194390
a27a9395759041689d2a58d7b8ce9c90,train/train_wall,1729,0.0,1771027200226
a27a9395759041689d2a58d7b8ce9c90,train/train_wall,1730,0.0,1771027206214
a27a9395759041689d2a58d7b8ce9c90,train/train_wall,1731,0.0,1771027212276
a27a9395759041689d2a58d7b8ce9c90,train/train_wall,1732,0.0,1771027218491
a27a9395759041689d2a58d7b8ce9c90,train/train_wall,1733,0.0,1771027224841
a27a9395759041689d2a58d7b8ce9c90,train/train_wall,1734,0.0,1771027232958
a27a9395759041689d2a58d7b8ce9c90,train/train_wall,1735,0.0,1771027239829
a27a9395759041689d2a58d7b8ce9c90,train/train_wall,1736,0.0,1771027245867
a27a9395759041689d2a58d7b8ce9c90,train/train_wall,1737,0.0,1771027251824
a27a9395759041689d2a58d7b8ce9c90,train/train_wall,1738,0.0,1771027257832
a27a9395759041689d2a58d7b8ce9c90,train/train_wall,1739,0.0,1771027264285
a27a9395759041689d2a58d7b8ce9c90,train/train_wall,1740,0.0,1771027270208
a27a9395759041689d2a58d7b8ce9c90,train/train_wall,1741,0.0,1771027276492
a27a9395759041689d2a58d7b8ce9c90,train/train_wall,1742,0.0,1771027282680
a27a9395759041689d2a58d7b8ce9c90,train/train_wall,1743,0.0,1771027288773
a27a9395759041689d2a58d7b8ce9c90,train/train_wall,1744,0.0,1771027294805
a27a9395759041689d2a58d7b8ce9c90,train/train_wall,1745,0.0,1771027300988
a27a9395759041689d2a58d7b8ce9c90,train/train_wall,1746,0.0,1771027307215
a27a9395759041689d2a58d7b8ce9c90,train/train_wall,1747,0.0,1771027313374
a27a9395759041689d2a58d7b8ce9c90,train/train_wall,1748,0.0,1771027319330
a27a9395759041689d2a58d7b8ce9c90,train/train_wall,1749,0.0,1771027325444
a27a9395759041689d2a58d7b8ce9c90,train/train_wall,1750,0.0,1771027331543
a27a9395759041689d2a58d7b8ce9c90,train/train_wall,1751,0.0,1771027337556
a27a9395759041689d2a58d7b8ce9c90,train/train_wall,1752,0.0,1771027343586
a27a9395759041689d2a58d7b8ce9c90,train/train_wall,1753,0.0,1771027349293
a27a9395759041689d2a58d7b8ce9c90,train/train_wall,1754,0.0,1771027355387
a27a9395759041689d2a58d7b8ce9c90,train/ups,1726,0.0,1771027182409
a27a9395759041689d2a58d7b8ce9c90,train/ups,1727,0.17,1771027188415
a27a9395759041689d2a58d7b8ce9c90,train/ups,1728,0.17,1771027194390
a27a9395759041689d2a58d7b8ce9c90,train/ups,1729,0.17,1771027200226
a27a9395759041689d2a58d7b8ce9c90,train/ups,1730,0.17,1771027206214
a27a9395759041689d2a58d7b8ce9c90,train/ups,1731,0.17,1771027212276
a27a9395759041689d2a58d7b8ce9c90,train/ups,1732,0.16,1771027218491
a27a9395759041689d2a58d7b8ce9c90,train/ups,1733,0.16,1771027224841
a27a9395759041689d2a58d7b8ce9c90,train/ups,1734,0.12,1771027232958
a27a9395759041689d2a58d7b8ce9c90,train/ups,1735,0.15,1771027239829
a27a9395759041689d2a58d7b8ce9c90,train/ups,1736,0.17,1771027245867
a27a9395759041689d2a58d7b8ce9c90,train/ups,1737,0.17,1771027251824
a27a9395759041689d2a58d7b8ce9c90,train/ups,1738,0.17,1771027257832
a27a9395759041689d2a58d7b8ce9c90,train/ups,1739,0.16,1771027264285
a27a9395759041689d2a58d7b8ce9c90,train/ups,1740,0.17,1771027270208
a27a9395759041689d2a58d7b8ce9c90,train/ups,1741,0.16,1771027276492
a27a9395759041689d2a58d7b8ce9c90,train/ups,1742,0.16,1771027282680
a27a9395759041689d2a58d7b8ce9c90,train/ups,1743,0.16,1771027288773
a27a9395759041689d2a58d7b8ce9c90,train/ups,1744,0.17,1771027294805
a27a9395759041689d2a58d7b8ce9c90,train/ups,1745,0.16,1771027300988
a27a9395759041689d2a58d7b8ce9c90,train/ups,1746,0.16,1771027307215
a27a9395759041689d2a58d7b8ce9c90,train/ups,1747,0.16,1771027313374
a27a9395759041689d2a58d7b8ce9c90,train/ups,1748,0.17,1771027319330
a27a9395759041689d2a58d7b8ce9c90,train/ups,1749,0.16,1771027325444
a27a9395759041689d2a58d7b8ce9c90,train/ups,1750,0.16,1771027331543
a27a9395759041689d2a58d7b8ce9c90,train/ups,1751,0.17,1771027337556
a27a9395759041689d2a58d7b8ce9c90,train/ups,1752,0.17,1771027343586
a27a9395759041689d2a58d7b8ce9c90,train/ups,1753,0.18,1771027349293
a27a9395759041689d2a58d7b8ce9c90,train/ups,1754,0.16,1771027355387
a27a9395759041689d2a58d7b8ce9c90,train/wall,1726,13.0,1771027182409
a27a9395759041689d2a58d7b8ce9c90,train/wall,1727,19.0,1771027188415
a27a9395759041689d2a58d7b8ce9c90,train/wall,1728,25.0,1771027194390
a27a9395759041689d2a58d7b8ce9c90,train/wall,1729,31.0,1771027200226
a27a9395759041689d2a58d7b8ce9c90,train/wall,1730,37.0,1771027206214
a27a9395759041689d2a58d7b8ce9c90,train/wall,1731,43.0,1771027212276
a27a9395759041689d2a58d7b8ce9c90,train/wall,1732,49.0,1771027218491
a27a9395759041689d2a58d7b8ce9c90,train/wall,1733,56.0,1771027224841
a27a9395759041689d2a58d7b8ce9c90,train/wall,1734,64.0,1771027232958
a27a9395759041689d2a58d7b8ce9c90,train/wall,1735,71.0,1771027239829
a27a9395759041689d2a58d7b8ce9c90,train/wall,1736,77.0,1771027245867
a27a9395759041689d2a58d7b8ce9c90,train/wall,1737,83.0,1771027251824
a27a9395759041689d2a58d7b8ce9c90,train/wall,1738,89.0,1771027257832
a27a9395759041689d2a58d7b8ce9c90,train/wall,1739,95.0,1771027264285
a27a9395759041689d2a58d7b8ce9c90,train/wall,1740,101.0,1771027270208
a27a9395759041689d2a58d7b8ce9c90,train/wall,1741,107.0,1771027276492
a27a9395759041689d2a58d7b8ce9c90,train/wall,1742,113.0,1771027282680
a27a9395759041689d2a58d7b8ce9c90,train/wall,1743,120.0,1771027288773
a27a9395759041689d2a58d7b8ce9c90,train/wall,1744,126.0,1771027294805
a27a9395759041689d2a58d7b8ce9c90,train/wall,1745,132.0,1771027300988
a27a9395759041689d2a58d7b8ce9c90,train/wall,1746,138.0,1771027307215
a27a9395759041689d2a58d7b8ce9c90,train/wall,1747,144.0,1771027313374
a27a9395759041689d2a58d7b8ce9c90,train/wall,1748,150.0,1771027319330
a27a9395759041689d2a58d7b8ce9c90,train/wall,1749,156.0,1771027325444
a27a9395759041689d2a58d7b8ce9c90,train/wall,1750,162.0,1771027331543
a27a9395759041689d2a58d7b8ce9c90,train/wall,1751,168.0,1771027337556
a27a9395759041689d2a58d7b8ce9c90,train/wall,1752,174.0,1771027343586
a27a9395759041689d2a58d7b8ce9c90,train/wall,1753,180.0,1771027349293
a27a9395759041689d2a58d7b8ce9c90,train/wall,1754,186.0,1771027355387
a27a9395759041689d2a58d7b8ce9c90,train/wpb,1726,262.0,1771027182409
a27a9395759041689d2a58d7b8ce9c90,train/wpb,1727,262.0,1771027188415
a27a9395759041689d2a58d7b8ce9c90,train/wpb,1728,262.0,1771027194390
a27a9395759041689d2a58d7b8ce9c90,train/wpb,1729,262.0,1771027200226
a27a9395759041689d2a58d7b8ce9c90,train/wpb,1730,262.0,1771027206214
a27a9395759041689d2a58d7b8ce9c90,train/wpb,1731,262.0,1771027212276
a27a9395759041689d2a58d7b8ce9c90,train/wpb,1732,262.0,1771027218491
a27a9395759041689d2a58d7b8ce9c90,train/wpb,1733,262.0,1771027224841
a27a9395759041689d2a58d7b8ce9c90,train/wpb,1734,262.0,1771027232958
a27a9395759041689d2a58d7b8ce9c90,train/wpb,1735,262.0,1771027239829
a27a9395759041689d2a58d7b8ce9c90,train/wpb,1736,262.0,1771027245867
a27a9395759041689d2a58d7b8ce9c90,train/wpb,1737,262.0,1771027251824
a27a9395759041689d2a58d7b8ce9c90,train/wpb,1738,262.0,1771027257832
a27a9395759041689d2a58d7b8ce9c90,train/wpb,1739,262.0,1771027264285
a27a9395759041689d2a58d7b8ce9c90,train/wpb,1740,262.0,1771027270208
a27a9395759041689d2a58d7b8ce9c90,train/wpb,1741,262.0,1771027276492
a27a9395759041689d2a58d7b8ce9c90,train/wpb,1742,262.0,1771027282680
a27a9395759041689d2a58d7b8ce9c90,train/wpb,1743,262.0,1771027288773
a27a9395759041689d2a58d7b8ce9c90,train/wpb,1744,262.0,1771027294805
a27a9395759041689d2a58d7b8ce9c90,train/wpb,1745,262.0,1771027300988
a27a9395759041689d2a58d7b8ce9c90,train/wpb,1746,262.0,1771027307215
a27a9395759041689d2a58d7b8ce9c90,train/wpb,1747,262.0,1771027313374
a27a9395759041689d2a58d7b8ce9c90,train/wpb,1748,262.0,1771027319330
a27a9395759041689d2a58d7b8ce9c90,train/wpb,1749,262.0,1771027325444
a27a9395759041689d2a58d7b8ce9c90,train/wpb,1750,262.0,1771027331543
a27a9395759041689d2a58d7b8ce9c90,train/wpb,1751,262.0,1771027337556
a27a9395759041689d2a58d7b8ce9c90,train/wpb,1752,262.0,1771027343586
a27a9395759041689d2a58d7b8ce9c90,train/wpb,1753,262.0,1771027349293
a27a9395759041689d2a58d7b8ce9c90,train/wpb,1754,262.0,1771027355387
a27a9395759041689d2a58d7b8ce9c90,train/wps,1726,0.0,1771027182409
a27a9395759041689d2a58d7b8ce9c90,train/wps,1727,43.8,1771027188415
a27a9395759041689d2a58d7b8ce9c90,train/wps,1728,44.0,1771027194390
a27a9395759041689d2a58d7b8ce9c90,train/wps,1729,45.0,1771027200226
a27a9395759041689d2a58d7b8ce9c90,train/wps,1730,43.9,1771027206214
a27a9395759041689d2a58d7b8ce9c90,train/wps,1731,43.4,1771027212276
a27a9395759041689d2a58d7b8ce9c90,train/wps,1732,42.3,1771027218491
a27a9395759041689d2a58d7b8ce9c90,train/wps,1733,41.4,1771027224841
a27a9395759041689d2a58d7b8ce9c90,train/wps,1734,32.4,1771027232958
a27a9395759041689d2a58d7b8ce9c90,train/wps,1735,38.3,1771027239829
a27a9395759041689d2a58d7b8ce9c90,train/wps,1736,43.5,1771027245867
a27a9395759041689d2a58d7b8ce9c90,train/wps,1737,44.1,1771027251824
a27a9395759041689d2a58d7b8ce9c90,train/wps,1738,43.8,1771027257832
a27a9395759041689d2a58d7b8ce9c90,train/wps,1739,40.7,1771027264285
a27a9395759041689d2a58d7b8ce9c90,train/wps,1740,44.4,1771027270208
a27a9395759041689d2a58d7b8ce9c90,train/wps,1741,41.8,1771027276492
a27a9395759041689d2a58d7b8ce9c90,train/wps,1742,42.5,1771027282680
a27a9395759041689d2a58d7b8ce9c90,train/wps,1743,43.1,1771027288773
a27a9395759041689d2a58d7b8ce9c90,train/wps,1744,43.6,1771027294805
a27a9395759041689d2a58d7b8ce9c90,train/wps,1745,42.5,1771027300988
a27a9395759041689d2a58d7b8ce9c90,train/wps,1746,42.2,1771027307215
a27a9395759041689d2a58d7b8ce9c90,train/wps,1747,42.6,1771027313374
a27a9395759041689d2a58d7b8ce9c90,train/wps,1748,44.2,1771027319330
a27a9395759041689d2a58d7b8ce9c90,train/wps,1749,43.0,1771027325444
a27a9395759041689d2a58d7b8ce9c90,train/wps,1750,43.1,1771027331543
a27a9395759041689d2a58d7b8ce9c90,train/wps,1751,43.7,1771027337556
a27a9395759041689d2a58d7b8ce9c90,train/wps,1752,43.6,1771027343586
a27a9395759041689d2a58d7b8ce9c90,train/wps,1753,46.1,1771027349293
a27a9395759041689d2a58d7b8ce9c90,train/wps,1754,43.1,1771027355387
